repository,name,path,roles,use_case,inputs_summary,outputs_summary,readiness,license,license_path,copied,runtime_installed,legal_accuracy_validated,integration_notes,source_url,sha256
lq-ai,action-items-from-client-alert,skills/action-items-from-client-alert/SKILL.md,Legal operations; paralegals; regulatory counsel,Client-alert action checklist,"Alert document; optional organization, jurisdictions, business areas and alert date",Dated mandatory/recommended/informational/conditional items with source citations and owner gaps,Prompt template,Apache-2.0,LICENSE,True,False,False,Useful extraction pattern; source is a secondary alert. Do not reuse as a court-order deadline calculator. Verify underlying law separately.,https://github.com/LegalQuants/lq-ai/blob/2cc3149238defbbb171ec845cd0d3a43a34054f2/skills/action-items-from-client-alert/SKILL.md,3a253ec7cb2d7bb3c66e58a140aac4f63422f2d4d5d1d9be48dc695a47e61735
lq-ai,case-law-research,skills/case-law-research/SKILL.md,Research attorneys; litigators; associates,Authority research trail,Question and jurisdiction; CourtListener search and opinion tools,"Read authorities, passages, jurisdiction fit, search trail, currentness and coverage gaps",Tool-backed prompt template,Apache-2.0,LICENSE,True,False,False,Strong search-versus-read distinction. No citator or comprehensive statutory research. Separate quoted and paraphrased passages visibly.,https://github.com/LegalQuants/lq-ai/blob/2cc3149238defbbb171ec845cd0d3a43a34054f2/skills/case-law-research/SKILL.md,e8b9e171a21e6396e3fe8f82365451ce33d9114076a8a5b807b49f12eb5cd6b5
lq-ai,comms-improver,skills/comms-improver/SKILL.md,Client teams; partners; paralegals,Plain-language client update,"Existing text, audience; optional purpose/tone/length/preserved terms",Rewrite plus changed terms and meaning-preservation concerns,Prompt template,Apache-2.0,LICENSE,True,False,False,"Preserve dates, amounts, negations, conditions and legal terms; compare against original. It is not from-scratch advice or AI-detection evasion.",https://github.com/LegalQuants/lq-ai/blob/2cc3149238defbbb171ec845cd0d3a43a34054f2/skills/comms-improver/SKILL.md,9614f50b69eb4220a61c807d6cae2848f008208517082ebbca11764b70a42b50
lq-ai,contract-qa,skills/contract-qa/SKILL.md,Litigators; contract counsel; associates,Document-specific answer with cross-reference context,"One document and question; optional contract type, perspective, jurisdiction, prior context","Answer shape matched to question, exact clause citations and open issues",Prompt template,Apache-2.0,LICENSE,True,False,False,Single-document scope. SKILL Type C-F and test-plan Type C-F disagree. Clause/page citations need a structured adapter to the runtime citation engine.,https://github.com/LegalQuants/lq-ai/blob/2cc3149238defbbb171ec845cd0d3a43a34054f2/skills/contract-qa/SKILL.md,9a7fa2522bfb83eedc45e5c464ed835b1a375c8efa32e4f836f60a0fdbadcbbc
lq-ai,contract-snapshot,skills/contract-snapshot/SKILL.md,Document-review teams; litigation support,Four-column review grid,Selected documents in runtime; questions declared as columns,"Term, survival, carveouts, governing-law/venue cells with citations",Configured table template,Apache-2.0,LICENSE,True,False,False,Per-column model tier/ensemble is useful. Runtime top-four lexical chunks does not establish full-document absence. Distinguish not_found from failed/incomplete.,https://github.com/LegalQuants/lq-ai/blob/2cc3149238defbbb171ec845cd0d3a43a34054f2/skills/contract-snapshot/SKILL.md,8dc4ddce064b80c557917baae2da29ca2bfd614c0fb219136336663b146bb0c1
lq-ai,dpa-checklist-review,skills/dpa-checklist-review/SKILL.md,Privacy counsel; vendor diligence,Processing-agreement term coverage,"DPA/BAA and regime; optional party role, data types and transfer context","Term checklist, gaps, proposed language and overall posture",Prompt template,Apache-2.0,LICENSE,True,False,False,Uses compliance-sounding conclusions despite support-only scope. Replace certification-style labels with term coverage and source/version checks; multiple regimes require separate review.,https://github.com/LegalQuants/lq-ai/blob/2cc3149238defbbb171ec845cd0d3a43a34054f2/skills/dpa-checklist-review/SKILL.md,a650e901b216be048cf247c4487772574db6a5a2f486d1c11ff284a40bb61aa9
lq-ai,enhance-prompt,skills/enhance-prompt/SKILL.md,All firm users; workflow builders,Editable task scoping assistant,"Raw request; optional files, history, skills and jurisdiction",Expansion-or-skip plus concise reasons for changes,Prompt template,Apache-2.0,LICENSE,True,False,False,Good optional preflight; preserve user intent and scope. Do not auto-add sources/tools or increase access based on inferred intent.,https://github.com/LegalQuants/lq-ai/blob/2cc3149238defbbb171ec845cd0d3a43a34054f2/skills/enhance-prompt/SKILL.md,e35f77e9ac90eeb3c5639ade915a9beaf2843a6248884d6a5eab91b18e3c14c1
lq-ai,msa-review-commercial-purchase,skills/msa-review-commercial-purchase/SKILL.md,Commercial counsel; operations,Goods/services purchase review,"Document and buyer/supplier perspective; optional goods/services, industry, PO and firm positions","Framework issues, operational risks, order conflicts and cited drafting proposals",Prompt template,Apache-2.0,LICENSE,True,False,False,Do not confuse this broader goods/services review skill with the services-oriented YAML playbook. Legal rules and industry overlays are not verified by this review.,https://github.com/LegalQuants/lq-ai/blob/2cc3149238defbbb171ec845cd0d3a43a34054f2/skills/msa-review-commercial-purchase/SKILL.md,50d12045b7ac165fcb93b07b1a0d986a7d593a79cb2b4834633ad5a762f4bd88
lq-ai,msa-review-saas,skills/msa-review-saas/SKILL.md,Commercial counsel; vendor diligence,SaaS master agreement review,"Document and vendor/customer perspective; optional order form, prior agreements, depth and firm positions",Clause review plus order-form/prior-agreement conflicts and recommendations,Prompt template,Apache-2.0,LICENSE,True,False,False,Related-document precedence pattern is useful. Legal standards and fixed risk thresholds need firm/current-source validation; supports seven named passes despite a six-pass introduction.,https://github.com/LegalQuants/lq-ai/blob/2cc3149238defbbb171ec845cd0d3a43a34054f2/skills/msa-review-saas/SKILL.md,58ef58570b6a7fb12783084cc631b529677916f55de206ef4e080baff4fcb241
lq-ai,msa-snapshot,skills/msa-snapshot/SKILL.md,Document-review teams; litigation support,MSA comparison grid,Selected MSA documents in runtime,"Term/renewal, payment, liability and indemnification cells with citations",Configured table template,Apache-2.0,LICENSE,True,False,False,"Same coverage limits; definitions, carveouts and schedule precedence need full-source/context expansion.",https://github.com/LegalQuants/lq-ai/blob/2cc3149238defbbb171ec845cd0d3a43a34054f2/skills/msa-snapshot/SKILL.md,d7da8c52a0f3cbbbfe5fffc73ad9fc334459af7e83e84405f1b2be1c1c749ee0
lq-ai,nda-review,skills/nda-review/SKILL.md,Commercial counsel; vendor diligence,Perspective-calibrated NDA review,Document and discloser/recipient/mutual perspective; optional jurisdiction and firm positions,"Severity findings, citations, proposed redlines and human-review items",Prompt template,Apache-2.0,LICENSE,True,False,False,Concrete multi-pass template with reference checklists. Generic risk thresholds are not firm policy; no supplied legal acceptance results.,https://github.com/LegalQuants/lq-ai/blob/2cc3149238defbbb171ec845cd0d3a43a34054f2/skills/nda-review/SKILL.md,32bdabc4a8ec52509598018e1ff3cc8d7b8209d4b7cae91c20793b703ed24523
lq-ai,nda-snapshot,skills/nda-snapshot/SKILL.md,Document-review teams; litigation support,NDA comparison grid,Selected NDA documents in runtime,"Confidential information, recipients, return/destruction and remedies cells with citations",Configured table template,Apache-2.0,LICENSE,True,False,False,Same coverage limits; its introductory failed-extraction wording conflicts with its final parse-error instruction.,https://github.com/LegalQuants/lq-ai/blob/2cc3149238defbbb171ec845cd0d3a43a34054f2/skills/nda-snapshot/SKILL.md,c9844001c86972fcb9360a9a220012451f12604db9d38dbf0a6f96a174d3731f
lq-ai,playbook-easy-extract,skills/playbook-easy-extract/SKILL.md,Knowledge lawyers; practice leads,Prior-clause extraction,Contract text; optional contract family,"Intermediate issue, verbatim clause text and nullable offsets",Structured extraction prompt,Apache-2.0,LICENSE,True,False,False,Runtime uses overlapping spans and model-generated offsets; no complete verified offset/coverage ledger. Common clauses do not become approved fallback positions automatically.,https://github.com/LegalQuants/lq-ai/blob/2cc3149238defbbb171ec845cd0d3a43a34054f2/skills/playbook-easy-extract/SKILL.md,2f5d1949f2d653ac1baee0a5b708be645ccee8fa825af5ef0a72af323c1cb7b3
lq-ai,skill-creator,skills/skill-creator/SKILL.md,Knowledge lawyers; practice leads; operations,Guided workflow authoring,"Practitioner task, triggers, inputs, outputs, criteria, examples and edge cases",Draft skill folder with references/examples for practitioner review,Meta-prompt template,Apache-2.0,LICENSE,True,False,False,"Core frontmatter lacks lq_ai version/author fields. Use explicit versions, approval state and evaluation fixtures; do not invent substantive legal criteria.",https://github.com/LegalQuants/lq-ai/blob/2cc3149238defbbb171ec845cd0d3a43a34054f2/skills/skill-creator/SKILL.md,744a9c9414d50656b9e2a00d983c9cfbb150d77e7b5667bb0a64e4ec45473039
lq-ai,vendor-privacy-policy-first-pass,skills/vendor-privacy-policy-first-pass/SKILL.md,Privacy counsel; procurement,Privacy-notice triage,"Provided policy text; optional vendor context, regimes and data to share","Short practice summary, cited flags and follow-up questions",Prompt template,Apache-2.0,LICENSE,True,False,False,No browser tool is declared. No security verification. Policy age/length and AI-use severity heuristics must be calibrated rather than treated as legal truth.,https://github.com/LegalQuants/lq-ai/blob/2cc3149238defbbb171ec845cd0d3a43a34054f2/skills/vendor-privacy-policy-first-pass/SKILL.md,f0c1d380fd602aab9e679129ba77a4f97c7240f83584e7528266305f6a1baa8a
lq-skills,action-items-from-client-alert,skills/action-items-from-client-alert/SKILL.md,Legal operations; paralegals; regulatory counsel,Client-alert action checklist,"Alert document; optional organization, jurisdictions, business areas and alert date",Dated mandatory/recommended/informational/conditional items with source citations and owner gaps,Prompt template,Apache-2.0,LICENSE,False,False,False,Useful extraction pattern; source is a secondary alert. Do not reuse as a court-order deadline calculator. Verify underlying law separately.,https://github.com/LegalQuants/lq-skills/blob/a293659770c6d9094e3f9893a0de6e59475e95b6/skills/action-items-from-client-alert/SKILL.md,2b3410558234f2f7c4ffa9f790a63a555bfa64f0c4f77072f4711356c4f87a83
lq-skills,adversarial-qc,skills/adversarial-qc/SKILL.md,Supervising attorneys; reviewers,Independent evidence-check passes,"Deliverable, checklist and approved models","Findings with source evidence, disagreements and reviewer status",Prompt orchestration template,MIT,skills/adversarial-qc/LICENSE,True,False,False,"No executable agent orchestrator is shipped. Agent agreement is not factual/legal validation; use source checks and preserve review gaps, not a certification claim.",https://github.com/LegalQuants/lq-skills/blob/a293659770c6d9094e3f9893a0de6e59475e95b6/skills/adversarial-qc/SKILL.md,4f94fb901dc664c6b7e43ed7eee95b5236fcecc11a0480204ab2abbbde8849b0
lq-skills,bart-statutory-reference-checker,skills/bart-statutory-reference-checker/SKILL.md,Singapore legal teams; integration developers,Statutory reference lookup recipe,"Document citations, scope and statute snapshot date",Citation/status queue via external BART backend,External/private-tool recipe,Apache-2.0,LICENSE,False,False,False,No BART application code here; backend described as private. Do not claim deployable statutory checker from this SKILL.md.,https://github.com/LegalQuants/lq-skills/blob/a293659770c6d9094e3f9893a0de6e59475e95b6/skills/bart-statutory-reference-checker/SKILL.md,78a1e95ed8e888611b1bcae748c4b4cc8e5097bfa0dd8ae71d0cf9066caca29a
lq-skills,building-chronologies,skills/building-chronologies/SKILL.md,Litigators; paralegals; litigation support,Sourced issue/witness chronology,"Matter, dates, source bundle and intended view","Events with event/document dates, quotes, identifiers, conflicts and missing periods",Litigation prompt template,Apache-2.0,skills/building-chronologies/LICENSE,True,False,False,"High-value source schema. The model must preserve uncertain dates, disputed accounts and source coverage; event dedup needs stable IDs and human decisions.",https://github.com/LegalQuants/lq-skills/blob/a293659770c6d9094e3f9893a0de6e59475e95b6/skills/building-chronologies/SKILL.md,ebf1aea132ed3250134e44ac5be8f9e04aa40284eaf2d316c0871245b843072b
lq-skills,california-property-tax,skills/california-property-tax/SKILL.md,Tax counsel,BOE rule/annotation comparison,"Ownership facts, property, jurisdiction and transfer dates",Primary-rule/annotation memo with comparison to facts,Domain-specific research prompt,Apache-2.0,LICENSE,False,False,False,"Reviewed, not selected: useful distinction between rules and annotations, but low mass-tort relevance and no downloaded/current law guaranteed.",https://github.com/LegalQuants/lq-skills/blob/a293659770c6d9094e3f9893a0de6e59475e95b6/skills/california-property-tax/SKILL.md,21e079ca08a1775b53f787adf03a83f878cf78392517b36d3dacc04ae6695480
lq-skills,case-file-analyzer,skills/case-file-analyzer/SKILL.md,Litigation-support engineers,Per-file extraction followed by synthesis,"Approved matter directory, task/state files and configured agent runtime",XML fact/claim/view summaries and synthesis,Explicit proof of concept,Apache-2.0,LICENSE,False,False,False,"Not selected: stateless shell orchestration and synthesis over summaries are not production coverage guarantees. Reuse the two-stage schema idea, not its permissive execution loop.",https://github.com/LegalQuants/lq-skills/blob/a293659770c6d9094e3f9893a0de6e59475e95b6/skills/case-file-analyzer/SKILL.md,10ec726da50d4314cee8b9f5b960a42a8c9e6bcda896a8872cc07cf34de3e6cd
lq-skills,ClassifyCCP,skills/classify-ccp/SKILL.md,Competition litigation counsel,Competition-compliance programme classification,"Complete enforcement document, language and research criteria",Cited offence/defence/remedy/irrelevant label and spreadsheet row,Domain-specific prompt template,MIT,skills/classify-ccp/LICENSE,False,False,False,No extractor implementation shipped; legal taxonomy is specific to competition enforcement. Not selected for general mass-tort use.,https://github.com/LegalQuants/lq-skills/blob/a293659770c6d9094e3f9893a0de6e59475e95b6/skills/classify-ccp/SKILL.md,7472c13cafd99d432f1ac97ffcebe3e64b8abefe84da9d9448393318980e86a2
lq-skills,collating-reviewer-feedback,skills/collating-reviewer-feedback/SKILL.md,Partners; associates; document owners,Reviewer reconciliation checklist,"Known master, each reviewer version and optional external notes","Exact comments/proposals, authors, anchors, conflicts and unresolved decisions",Litigation prompt template,Apache-2.0,skills/collating-reviewer-feedback/LICENSE,True,False,False,"Does not extract OOXML itself or merge DOCX. Implement parser coverage for tables, notes, text boxes and nested revisions; compare against a version hash.",https://github.com/LegalQuants/lq-skills/blob/a293659770c6d9094e3f9893a0de6e59475e95b6/skills/collating-reviewer-feedback/SKILL.md,ff3949ca0a9d7560c5db1729437f18ac0e219d18883559263d47dbb00fca9238
lq-skills,comms-improver,skills/comms-improver/SKILL.md,Client teams; partners; paralegals,Plain-language client update,"Existing text, audience; optional purpose/tone/length/preserved terms",Rewrite plus changed terms and meaning-preservation concerns,Prompt template,Apache-2.0,LICENSE,False,False,False,"Preserve dates, amounts, negations, conditions and legal terms; compare against original. It is not from-scratch advice or AI-detection evasion.",https://github.com/LegalQuants/lq-skills/blob/a293659770c6d9094e3f9893a0de6e59475e95b6/skills/comms-improver/SKILL.md,2d4d876c2f4424ba5036815c5c2ad9357abe35b8a1532f84be42dc43bdb8d6ab
lq-skills,contract-qa,skills/contract-qa/SKILL.md,Litigators; contract counsel; associates,Document-specific answer with cross-reference context,"One document and question; optional contract type, perspective, jurisdiction, prior context","Answer shape matched to question, exact clause citations and open issues",Prompt template,Apache-2.0,LICENSE,False,False,False,Single-document scope. SKILL Type C-F and test-plan Type C-F disagree. Clause/page citations need a structured adapter to the runtime citation engine.,https://github.com/LegalQuants/lq-skills/blob/a293659770c6d9094e3f9893a0de6e59475e95b6/skills/contract-qa/SKILL.md,c08bc37cfe0bd6ae483e1cd9db7332a728f7822823be70be354f2941e0de2a41
lq-skills,coquill-analyzer,skills/coquill/analyzer/SKILL.md,Document automation developers,Template variable discovery,Exactly one trusted template and optional config,"Manifest of variables, conditionals, loops and inferred types",Executable helper with limited grammar,MIT,skills/coquill/analyzer/LICENSE,True,False,False,"Prompt checks multiple templates, but script selects first directory entry. Regex does not fully parse Jinja, filters, expressions or nested scope semantics.",https://github.com/LegalQuants/lq-skills/blob/a293659770c6d9094e3f9893a0de6e59475e95b6/skills/coquill/analyzer/SKILL.md,8d9cfc96637c777dd04e0d907943a30ddadf6a8b5ace3120aef32655c77865b0
lq-skills,coquill-renderer,skills/coquill/renderer/SKILL.md,Document automation developers,DOCX/HTML/Markdown output,"Trusted template, typed context and bounded output folder","Files, leftover-placeholder scan and PDF status",Executable scaffold,MIT,skills/coquill/renderer/LICENSE,True,False,False,"Require StrictUndefined, explicit schema, sandboxed rendering and path containment. Default Jinja can erase missing fields before the leftover scan; DOCX validation misses complex structures.",https://github.com/LegalQuants/lq-skills/blob/a293659770c6d9094e3f9893a0de6e59475e95b6/skills/coquill/renderer/SKILL.md,58eb866141af01a9f43663b54bf0c7b1fce44ade6d008a7eaa9c80f432dc520f
lq-skills,coquill,skills/coquill/SKILL.md,Document automation; knowledge lawyers; case teams,Template interview and document assembly,Approved DOCX/HTML/Markdown template plus manifest/config and confirmed variables,"Rendered document, variable manifest and interview log/transcript",Executable scaffold with concrete scripts,MIT,skills/coquill/LICENSE,True,False,False,"Three Python scripts exist. Renderer silently permits undefined Jinja variables; no server path boundary, sandbox or HTML escaping. Use only as engineering reference until hardened; no speech engine.",https://github.com/LegalQuants/lq-skills/blob/a293659770c6d9094e3f9893a0de6e59475e95b6/skills/coquill/SKILL.md,220f0e74ea36368404e41a3da9bde5571ceadcc1ecf961c4cf5c8fe480010da9
lq-skills,coquill-transcriber,skills/coquill/transcriber/SKILL.md,Document automation developers,Interview audit transcript,Interview-log JSON and template manifest,Human-readable interview and confirmed-value transcript,Executable helper,MIT,skills/coquill/transcriber/LICENSE,True,False,False,Formats an interview log; no audio transcription. Windows time formatting and prefill-only confirmed values require fixes; never present it as realtime voice capability.,https://github.com/LegalQuants/lq-skills/blob/a293659770c6d9094e3f9893a0de6e59475e95b6/skills/coquill/transcriber/SKILL.md,af549c62a332d528353aa1f5ac270d58ee01065835a38a4d1744dfd944bad4fd
lq-skills,corporate-registry-investigation,skills/corporate-registry-investigation/SKILL.md,Investigators; litigation-support teams,Company control and filing evidence map,UK company identifier and Companies House evidence,Officers/control/charges/filings snapshot and investigation leads,Jurisdiction-specific research prompt,Apache-2.0,skills/corporate-registry-investigation/LICENSE,False,False,False,"Reviewed, not selected for US default. Registry self-reports are leads, not confirmed beneficial ownership; no US registry adapter supplied.",https://github.com/LegalQuants/lq-skills/blob/a293659770c6d9094e3f9893a0de6e59475e95b6/skills/corporate-registry-investigation/SKILL.md,3cfffe35c164c4a3c239fc9217a8b68fd1f807615ebc27bcaf321abb9d5197de
lq-skills,customs-trade-law,skills/customs-trade-law/SKILL.md,Trade counsel,HTS/CROSS/CIT authority research,Product facts and classification or research question,"Candidate classifications, ruling chains and case maps",Domain-specific research prompt,Apache-2.0,LICENSE,False,False,False,"Reviewed, not selected. No HTS/CROSS integration implementation; legal authority and version hierarchy require independent verification.",https://github.com/LegalQuants/lq-skills/blob/a293659770c6d9094e3f9893a0de6e59475e95b6/skills/customs-trade-law/SKILL.md,a97d66fa6e6f4a54f7662d11c7bc55a0b458c77bd93ba2abe4cb6f6b196ff031
lq-skills,dpa-checklist-review,skills/dpa-checklist-review/SKILL.md,Privacy counsel; vendor diligence,Processing-agreement term coverage,"DPA/BAA and regime; optional party role, data types and transfer context","Term checklist, gaps, proposed language and overall posture",Prompt template,Apache-2.0,LICENSE,False,False,False,Uses compliance-sounding conclusions despite support-only scope. Replace certification-style labels with term coverage and source/version checks; multiple regimes require separate review.,https://github.com/LegalQuants/lq-skills/blob/a293659770c6d9094e3f9893a0de6e59475e95b6/skills/dpa-checklist-review/SKILL.md,4dd9822f9a6aa2de21fd58b1706b9a97e87c8e53440b786cffc6bc8455f9e49c
lq-skills,enhance-prompt,skills/enhance-prompt/SKILL.md,All firm users; workflow builders,Editable task scoping assistant,"Raw request; optional files, history, skills and jurisdiction",Expansion-or-skip plus concise reasons for changes,Prompt template,Apache-2.0,LICENSE,False,False,False,Good optional preflight; preserve user intent and scope. Do not auto-add sources/tools or increase access based on inferred intent.,https://github.com/LegalQuants/lq-skills/blob/a293659770c6d9094e3f9893a0de6e59475e95b6/skills/enhance-prompt/SKILL.md,50b39c40b0b47a750705548a8b446a8158ce4349261141c1f341254eb957ba90
lq-skills,foreign-law-research,skills/foreign-law-research/SKILL.md,Cross-border research counsel,Source hierarchy and research plan,"Jurisdiction, topic, chosen depth and source access",Question-to-source research plan with verified navigation and confidence labels,Prompt research framework,MIT,skills/foreign-law-research/LICENSE,False,False,False,Chinese/English/local-language routing; no corpus or browser implementation. Reviewed but not selected for this US-litigation packet.,https://github.com/LegalQuants/lq-skills/blob/a293659770c6d9094e3f9893a0de6e59475e95b6/skills/foreign-law-research/SKILL.md,1ceeea429383340c525e294e2fcf93c75aef473c1fedbc66aa0b6b539aa942a5
lq-skills,legal-claim-economics,skills/legal-claim-economics/SKILL.md,Practice leads; finance; settlement teams,Recovery and funding scenario model,"Dated cash flows, cost and recovery scenarios; approved assumptions",Firm/funder/client waterfall and sensitivity inputs,Analytical prompt framework,Apache-2.0,skills/legal-claim-economics/LICENSE,True,False,False,"No numerical engine is shipped. Implement Decimal/validated cash-flow calculations; no invented merits probabilities, liens, tax or fee rules.",https://github.com/LegalQuants/lq-skills/blob/a293659770c6d9094e3f9893a0de6e59475e95b6/skills/legal-claim-economics/SKILL.md,44d84c0bd6bf256d16794a2b69c36d772fb6dceeed6b3f8bc1af00941af95cbf
lq-skills,legal-translation,skills/legal-translation/SKILL.md,Bilingual litigation teams; interpreters,Glossary-led legal translation draft,"Source document, target language and qualified reviewer","Structured translation, protected names/numbers, glossary and translator notes",Prompt template,MIT,skills/legal-translation/LICENSE,True,False,False,No translation model/API or certified translation service is shipped. Terminology and meaning require bilingual review; preserve original sources and pinpoint mapping.,https://github.com/LegalQuants/lq-skills/blob/a293659770c6d9094e3f9893a0de6e59475e95b6/skills/legal-translation/SKILL.md,f2b7deaa1c5ca0318be286e8b2a4c9ad9a3c3d20bd64a034aa0e3371cbc5b2d5
lq-skills,license-comply,skills/license-comply/SKILL.md,Engineering; open-source program office,Python dependency license-audit recipe,Dependency manifests and configured policy,Detected licenses and policy findings,External-tool recipe,Apache-2.0,LICENSE,False,False,False,No CLI implementation here. Root skill license does not license the named external tool/dependencies.,https://github.com/LegalQuants/lq-skills/blob/a293659770c6d9094e3f9893a0de6e59475e95b6/skills/license-comply/SKILL.md,f768da6a95a82d32d8f7ab465d669657017a42c75f58bf305ad310aea7d2f517
lq-skills,local-first-legal-workspace,skills/local-first-legal-workspace/SKILL.md,Platform engineers; information governance,Data-flow and workspace boundary review,"Architecture, storage, network paths and approved policies","Observed data-flow inventory, user controls and unresolved gaps",Review checklist,Apache-2.0,skills/local-first-legal-workspace/LICENSE,True,False,False,Useful integration checklist; local UI does not prove local inference. No formal security certification or network tool implementation.,https://github.com/LegalQuants/lq-skills/blob/a293659770c6d9094e3f9893a0de6e59475e95b6/skills/local-first-legal-workspace/SKILL.md,dad3cc5f96dd33bd193a76b74f6fec0e3db20480ffea70a5a55de808ca5c1d54
lq-skills,lq-board-document-review,skills/lq-board-document-review/SKILL.md,Governance counsel; adapted litigation drafters,Defined terms and cross-reference consistency,Document and related schedules/matrices,Four-category findings; source locators and optional reconciliation output,Prompt template,Apache-2.0,LICENSE,True,False,False,Use mechanics for briefs/orders/settlements. Governance substance and Office companion outputs require separate adapters and matter-specific criteria.,https://github.com/LegalQuants/lq-skills/blob/a293659770c6d9094e3f9893a0de6e59475e95b6/skills/lq-board-document-review/SKILL.md,1b88b292b7cbdb704ed52e3240086a4308fd4f90f9c92386a0e42803b51bf534
lq-skills,lq-governance-playbook-benchmark,skills/lq-governance-playbook-benchmark/SKILL.md,Knowledge lawyers; document reviewers,Preferred/fallback/red-flag benchmark,Target document and separately supplied approved playbook,"Position classifications, gaps and amendment proposals",Prompt template requiring external playbook,Apache-2.0,LICENSE,True,False,False,The seven-item governance playbook is not supplied here. Do not infer it from memory or silently use generic contract positions.,https://github.com/LegalQuants/lq-skills/blob/a293659770c6d9094e3f9893a0de6e59475e95b6/skills/lq-governance-playbook-benchmark/SKILL.md,9aa0405c04d43e9a3fae14bb1b7b0fa5819d354702aad7721e60120e0e6da13a
lq-skills,msa-review-commercial-purchase,skills/msa-review-commercial-purchase/SKILL.md,Commercial counsel; operations,Goods/services purchase review,"Document and buyer/supplier perspective; optional goods/services, industry, PO and firm positions","Framework issues, operational risks, order conflicts and cited drafting proposals",Prompt template,Apache-2.0,LICENSE,False,False,False,Do not confuse this broader goods/services review skill with the services-oriented YAML playbook. Legal rules and industry overlays are not verified by this review.,https://github.com/LegalQuants/lq-skills/blob/a293659770c6d9094e3f9893a0de6e59475e95b6/skills/msa-review-commercial-purchase/SKILL.md,50d12045b7ac165fcb93b07b1a0d986a7d593a79cb2b4834633ad5a762f4bd88
lq-skills,msa-review-saas,skills/msa-review-saas/SKILL.md,Commercial counsel; vendor diligence,SaaS master agreement review,"Document and vendor/customer perspective; optional order form, prior agreements, depth and firm positions",Clause review plus order-form/prior-agreement conflicts and recommendations,Prompt template,Apache-2.0,LICENSE,False,False,False,Related-document precedence pattern is useful. Legal standards and fixed risk thresholds need firm/current-source validation; supports seven named passes despite a six-pass introduction.,https://github.com/LegalQuants/lq-skills/blob/a293659770c6d9094e3f9893a0de6e59475e95b6/skills/msa-review-saas/SKILL.md,58ef58570b6a7fb12783084cc631b529677916f55de206ef4e080baff4fcb241
lq-skills,nda-review,skills/nda-review/SKILL.md,Commercial counsel; vendor diligence,Perspective-calibrated NDA review,Document and discloser/recipient/mutual perspective; optional jurisdiction and firm positions,"Severity findings, citations, proposed redlines and human-review items",Prompt template,Apache-2.0,LICENSE,False,False,False,Concrete multi-pass template with reference checklists. Generic risk thresholds are not firm policy; no supplied legal acceptance results.,https://github.com/LegalQuants/lq-skills/blob/a293659770c6d9094e3f9893a0de6e59475e95b6/skills/nda-review/SKILL.md,6697c565673492e0dd683be10ae1e225a1a429e02224310d39f497610ccd8ddd
lq-skills,office-word-diff,skills/office-word-diff/SKILL.md,Office integration developers,Word-level tracked-edit recipe,"Word context, original/edited content and supported document shape",Proposed Office.js revisions with visible authorship,External-library recipe,Apache-2.0,LICENSE,False,False,False,No library implementation here. Requires independent package/version/license checks and Word integration; stated platform limitations are not verified in this review.,https://github.com/LegalQuants/lq-skills/blob/a293659770c6d9094e3f9893a0de6e59475e95b6/skills/office-word-diff/SKILL.md,f3221afd07a43fb131a0737a130fc7bc6680d4abae30224dcc4e50c589de1bec
lq-skills,proposition-checking,skills/proposition-checking/SKILL.md,Brief writers; research attorneys; second chair,Brief-to-authority and record support review,Draft propositions and cited source text or retrievable authorities,Supported/partial/contradicted/quote-inaccurate/unverified matrix and dependency risks,Litigation prompt template,Apache-2.0,skills/proposition-checking/LICENSE,True,False,False,"Strong distinction between existence, support and applicability. Source unavailable is unverified, not unsupported. It supplies instructions rather than a resolver implementation.",https://github.com/LegalQuants/lq-skills/blob/a293659770c6d9094e3f9893a0de6e59475e95b6/skills/proposition-checking/SKILL.md,b50864876673481e34faa0571aa79028a8d4d0c5d00afeed9c4a3a1c88a43daa
lq-skills,redlines,skills/redlines/SKILL.md,Document automation developers,DOCX tracked-change recipe,Original DOCX and explicit diff/edit set,Native Word revisions,External-library recipe,Apache-2.0,LICENSE,False,False,False,No redline library code shipped. Does not promise tables/notes/cross-reference fidelity. Use source links for a separate dependency review.,https://github.com/LegalQuants/lq-skills/blob/a293659770c6d9094e3f9893a0de6e59475e95b6/skills/redlines/SKILL.md,e2ce283dd730466e294791296941a2810c1f41f3664758a0c2a099d9b47001fb
lq-skills,sgcite,skills/sgcite/SKILL.md,Singapore research teams,eLitigation citation existence recipe,Singapore citations and source access,Case existence/name/pinpoint candidates,External-tool recipe,Apache-2.0,LICENSE,False,False,False,No implementation here; not a US citation resolver or proposition/treatment validator.,https://github.com/LegalQuants/lq-skills/blob/a293659770c6d9094e3f9893a0de6e59475e95b6/skills/sgcite/SKILL.md,c014aad4434e6df6a353a748af016a8f70e6c8ef2d7c7a974f5c37270d878980
lq-skills,skill-creator,skills/skill-creator/SKILL.md,Knowledge lawyers; practice leads; operations,Guided workflow authoring,"Practitioner task, triggers, inputs, outputs, criteria, examples and edge cases",Draft skill folder with references/examples for practitioner review,Meta-prompt template,Apache-2.0,LICENSE,False,False,False,"Core frontmatter lacks lq_ai version/author fields. Use explicit versions, approval state and evaluation fixtures; do not invent substantive legal criteria.",https://github.com/LegalQuants/lq-skills/blob/a293659770c6d9094e3f9893a0de6e59475e95b6/skills/skill-creator/SKILL.md,54e691bbfb3720873f104ae8518e22021824a08380c4cd4e3fbb921d4b9cb643
lq-skills,statutory-analysis,skills/statutory-analysis/SKILL.md,Research attorneys; junior associates; paralegals,Source-first statutory analysis,"Exact US citation, full authoritative text, jurisdiction, version date and purpose","Definitions, operators, exceptions, cross-references and draft analysis",Legal-analysis prompt framework,Apache-2.0,LICENSE,True,False,False,Doctrinal summaries are not current-law validation. Automatic privilege labels and categorical interpretive heuristics need counsel-approved handling. It does not supply a statute corpus or resolver.,https://github.com/LegalQuants/lq-skills/blob/a293659770c6d9094e3f9893a0de6e59475e95b6/skills/statutory-analysis/SKILL.md,94f17e5e64997e25761cf352eb8bc8db60af12c7d1d221bc9cee802079beca5d
lq-skills,superdoc-redlines,skills/superdoc-redlines/SKILL.md,Document automation developers,Stable-block edit and conflict recipe,Structured block IDs and agent edit operations,Deterministic revision/conflict proposals,External-library recipe,Apache-2.0,LICENSE,False,False,False,No Superdoc implementation/license bundled. Stable IDs are a valuable design pattern; external dependency approval and layout/round-trip tests remain separate.,https://github.com/LegalQuants/lq-skills/blob/a293659770c6d9094e3f9893a0de6e59475e95b6/skills/superdoc-redlines/SKILL.md,d2e7e41e321e9177ec8755cbe87430c78e20c63263c80c1d722f4c2ddee382c6
lq-skills,text-provenance,skills/text-provenance/SKILL.md,Retrieval and citation engineers,Lexical source candidate ranking,Text and authorized source corpus,Candidate passages with similarity scores,External-library recipe,Apache-2.0,LICENSE,False,False,False,No library implementation is shipped. Similarity score is not proof of attribution or claim support; do not adopt its numeric confidence thresholds uncalibrated.,https://github.com/LegalQuants/lq-skills/blob/a293659770c6d9094e3f9893a0de6e59475e95b6/skills/text-provenance/SKILL.md,df06a98add23f648f90fa1f252c265c8f41e00b8ba9750232986d8cee81e71fa
lq-skills,uk-citation-verification,skills/uk-citation-verification/SKILL.md,UK research lawyers; adapted US research teams,Authority existence and pinpoint checks,Citations and official/recognized source access or supplied text,"Verified, mismatched or unverified authority queue with evidence",Jurisdiction-specific prompt template,Apache-2.0,skills/uk-citation-verification/LICENSE,True,False,False,England/UK source routing; US version must replace sources and citation parser. Does not determine treatment or whether a holding supports the proposition.,https://github.com/LegalQuants/lq-skills/blob/a293659770c6d9094e3f9893a0de6e59475e95b6/skills/uk-citation-verification/SKILL.md,8565a84c614ef5ed3d38435a81ca520c2fc4c5c73cc6bfd472f49eb883bc392a
lq-skills,uk-court-of-appeal-judicial-preference-check,skills/uk-court-of-appeal-judicial-preference-check/SKILL.md,Appellate advocates; knowledge lawyers,Source-based advocacy style review,"Draft, court/case context and representative public decisions",Court/case-type/judge-scoped signals with examples and mismatch suggestions,Jurisdiction-specific research template,Apache-2.0,skills/uk-court-of-appeal-judicial-preference-check/LICENSE,True,False,False,"Treat as observed writing/reasoning signals, not judge personality or outcome prediction. Require representative sampling, current practices and clear single-source limits.",https://github.com/LegalQuants/lq-skills/blob/a293659770c6d9094e3f9893a0de6e59475e95b6/skills/uk-court-of-appeal-judicial-preference-check/SKILL.md,d9297bc9bc6d984fd756c0ca735050b87e1200bb541c2f90cf29c8999f12f0fd
lq-skills,uk-disclosure-list-review,skills/uk-disclosure-list-review/SKILL.md,Discovery lawyers; litigation support,Production coverage and privilege QC,"Disclosure list, issues, custodian/repository/search record and governing order","Coverage gaps, absent referenced documents, inspection and privilege review flags",Jurisdiction-specific prompt template,Apache-2.0,skills/uk-disclosure-list-review/LICENSE,True,False,False,"Strong coverage matrix pattern. US adaptation must use actual discovery orders/protocols and privilege rules, not CPR categories; cannot infer searches never supplied.",https://github.com/LegalQuants/lq-skills/blob/a293659770c6d9094e3f9893a0de6e59475e95b6/skills/uk-disclosure-list-review/SKILL.md,883244657300dd59f0d004404a770eb5c4cb434e986bfc5f0f9f817df96f94bd
lq-skills,uk-particulars-of-claim-review,skills/uk-particulars-of-claim-review/SKILL.md,Litigators; pleading teams,Claim-element and pleading gap map,"Draft pleading, governing context, sources and current rules","Element/fact/source map, structure issues and draft review queue",Jurisdiction-specific prompt template,Apache-2.0,skills/uk-particulars-of-claim-review/LICENSE,True,False,False,Useful structure only for US complaints; replace CPR/PD16 and verify each cause of action. No viability or timeliness certification.,https://github.com/LegalQuants/lq-skills/blob/a293659770c6d9094e3f9893a0de6e59475e95b6/skills/uk-particulars-of-claim-review/SKILL.md,120fdc0be9bf0c19e24f81781e062cdd14ae3807677136cd3fdc8b2c537f50f3
lq-skills,uk-witness-statement-review,skills/uk-witness-statement-review/SKILL.md,Litigators; deposition and trial teams,Witness assertion and source map,"Witness statement, exhibits, prior accounts, orders and procedural purpose","Paragraph classifications, support/conflicts, exhibit links and review questions",Jurisdiction-specific prompt template,Apache-2.0,skills/uk-witness-statement-review/LICENSE,True,False,False,"Do not apply PD57AC/CPR to US depositions. Preserve testimony and page:line anchors; flag competence, speculation and conflicts without rewriting witness evidence.",https://github.com/LegalQuants/lq-skills/blob/a293659770c6d9094e3f9893a0de6e59475e95b6/skills/uk-witness-statement-review/SKILL.md,6797c07e59c93047dcd8c72d18f0f09124735018e5b74bedac293e2ca6660579
lq-skills,us-state-privacy-navigator,skills/us-state-privacy-navigator/SKILL.md,Privacy counsel,State privacy applicability and gap analysis,"Business/data facts, state exposure, statutes and current-source checks","Applicability, gap prioritization, source audit and DOCX memo",Executable domain scaffold plus static legal references,Apache-2.0,LICENSE,False,False,False,Not imported as authoritative law. It directs use of reference files as ground truth; hard-coded thresholds/corpus need current primary-source confirmation. Citation auditor skips bullets/tables and does not verify existence or support.,https://github.com/LegalQuants/lq-skills/blob/a293659770c6d9094e3f9893a0de6e59475e95b6/skills/us-state-privacy-navigator/SKILL.md,d48882fbfc1960e3ad7725f7ddf6233ba37d10b90afd47edf96ad709e8ff4ecb
lq-skills,vendor-privacy-policy-first-pass,skills/vendor-privacy-policy-first-pass/SKILL.md,Privacy counsel; procurement,Privacy-notice triage,"Provided policy text; optional vendor context, regimes and data to share","Short practice summary, cited flags and follow-up questions",Prompt template,Apache-2.0,LICENSE,False,False,False,No browser tool is declared. No security verification. Policy age/length and AI-use severity heuristics must be calibrated rather than treated as legal truth.,https://github.com/LegalQuants/lq-skills/blob/a293659770c6d9094e3f9893a0de6e59475e95b6/skills/vendor-privacy-policy-first-pass/SKILL.md,f0c1d380fd602aab9e679129ba77a4f97c7240f83584e7528266305f6a1baa8a
lq-skills,vibe-legal-batch-redliner,skills/vibe-legal-batch-redliner/SKILL.md,Contract technology developers,Batch redline server recipe,Copies of short simple contracts and approved playbook,Draft redlines,External application recipe; research software,Apache-2.0,LICENSE,False,False,False,Not selected: explicit lack of deterministic validation/rollback and unreliable tables/complex numbering; no source application in this skill folder.,https://github.com/LegalQuants/lq-skills/blob/a293659770c6d9094e3f9893a0de6e59475e95b6/skills/vibe-legal-batch-redliner/SKILL.md,432b2405f392d602996af51e922a740a943eadf513ec8132094aa5ebcab0424d
